<?xml version="1.0" encoding="UTF-8"?>
<PeakList>
  <PeakList1D>
    <PeakList1DHeader creator="nmr" date="2020-01-01T22:08:44.212+02:00" expNo="1" name="SCG-2-OnBu-PhCHO-13C" owner="" procNo="1" source="//132.72.8.180/400b/Milo/Milo">
      <PeakPickDetails>F1=219.481201ppm, F2=-19.481190ppm, MI=0.00cm, MAXI=10000.00cm, PC=1.400
      </PeakPickDetails>
    </PeakList1DHeader>
    <Peak1D F1="189.925415" intensity="1.190111e+001" type="0"/>
    <Peak1D F1="161.592163" intensity="3.821541e+000" type="0"/>
    <Peak1D F1="135.893631" intensity="1.224254e+001" type="0"/>
    <Peak1D F1="133.841141" intensity="2.251965e-001" type="0"/>
    <Peak1D F1="128.212692" intensity="1.353147e+001" type="0"/>
    <Peak1D F1="124.936432" intensity="4.190769e+000" type="0"/>
    <Peak1D F1="120.720924" intensity="2.200221e-001" type="0"/>
    <Peak1D F1="120.459862" intensity="1.440247e+001" type="0"/>
    <Peak1D F1="112.490074" intensity="1.307478e+001" type="0"/>
    <Peak1D F1="77.339806" intensity="2.530762e+001" type="0"/>
    <Peak1D F1="77.224625" intensity="1.563171e+000" type="0"/>
    <Peak1D F1="77.022812" intensity="2.576624e+001" type="0"/>
    <Peak1D F1="76.704659" intensity="2.571004e+001" type="0"/>
    <Peak1D F1="68.228333" intensity="1.278061e+001" type="0"/>
    <Peak1D F1="31.132023" intensity="1.494914e+001" type="0"/>
    <Peak1D F1="30.927917" intensity="2.595744e-001" type="0"/>
    <Peak1D F1="19.275997" intensity="1.478042e+001" type="0"/>
    <Peak1D F1="19.156668" intensity="3.124031e-001" type="0"/>
    <Peak1D F1="13.805656" intensity="1.500000e+001" type="0"/>
    <Peak1D F1="13.622645" intensity="1.941993e-001" type="0"/>
    <Peak1D F1="-0.005471" intensity="5.561612e-001" type="0"/>
  </PeakList1D>
</PeakList>
