<?xml version="1.0" encoding="UTF-8"?>
<PeakList>
  <PeakList1D>
    <PeakList1DHeader creator="nmr" date="2020-01-02T01:07:50.322+02:00" expNo="2" name="SCG-2-OiBu-PhCHO-13C" owner="" procNo="1" source="//132.72.8.180/400b/Milo/Milo">
      <PeakPickDetails>F1=219.481201ppm, F2=-19.481190ppm, MI=0.00cm, MAXI=10000.00cm, PC=1.400
      </PeakPickDetails>
    </PeakList1DHeader>
    <Peak1D F1="190.177261" intensity="1.234509e+001" type="0"/>
    <Peak1D F1="160.930817" intensity="3.701452e+000" type="0"/>
    <Peak1D F1="159.495773" intensity="2.539390e-001" type="0"/>
    <Peak1D F1="135.765350" intensity="1.317774e+001" type="0"/>
    <Peak1D F1="128.307526" intensity="1.342790e+001" type="0"/>
    <Peak1D F1="127.213562" intensity="3.639772e-001" type="0"/>
    <Peak1D F1="125.730515" intensity="3.765240e+000" type="0"/>
    <Peak1D F1="122.750610" intensity="3.348587e-001" type="0"/>
    <Peak1D F1="120.707214" intensity="3.233916e-001" type="0"/>
    <Peak1D F1="120.570786" intensity="1.963111e-001" type="0"/>
    <Peak1D F1="120.318802" intensity="1.271537e+001" type="0"/>
    <Peak1D F1="115.155785" intensity="3.092039e-001" type="0"/>
    <Peak1D F1="113.902046" intensity="1.314522e+001" type="0"/>
    <Peak1D F1="77.345360" intensity="2.250301e+001" type="0"/>
    <Peak1D F1="77.229950" intensity="1.282810e+000" type="0"/>
    <Peak1D F1="77.027420" intensity="2.255411e+001" type="0"/>
    <Peak1D F1="76.710197" intensity="2.258924e+001" type="0"/>
    <Peak1D F1="76.296219" intensity="3.287714e-001" type="0"/>
    <Peak1D F1="75.980843" intensity="1.219492e+001" type="0"/>
    <Peak1D F1="29.150015" intensity="1.500000e+001" type="0"/>
    <Peak1D F1="29.092657" intensity="6.473545e-001" type="0"/>
    <Peak1D F1="28.823332" intensity="2.610689e-001" type="0"/>
    <Peak1D F1="19.449665" intensity="2.119926e-001" type="0"/>
    <Peak1D F1="19.151583" intensity="1.464975e+001" type="0"/>
    <Peak1D F1="19.086121" intensity="5.311892e-001" type="0"/>
    <Peak1D F1="9.700960" intensity="1.371337e+001" type="0"/>
  </PeakList1D>
</PeakList>
