<?xml version="1.0" encoding="UTF-8"?>
<PeakList>
  <PeakList1D>
    <PeakList1DHeader creator="nmr" date="2019-12-31T22:03:05.718+02:00" expNo="1" name="SCG-SIPr-13C" owner="" procNo="1" source="//132.72.8.180/400b/Milo/Milo">
      <PeakPickDetails>F1=219.481201ppm, F2=-19.481190ppm, MI=0.00cm, MAXI=10000.00cm, PC=1.400
      </PeakPickDetails>
    </PeakList1DHeader>
    <Peak1D F1="158.195450" intensity="2.197432e+000" type="0"/>
    <Peak1D F1="146.108856" intensity="8.484952e+000" type="0"/>
    <Peak1D F1="131.612549" intensity="6.140274e+000" type="0"/>
    <Peak1D F1="129.233841" intensity="3.522394e+000" type="0"/>
    <Peak1D F1="125.013268" intensity="1.275373e+001" type="0"/>
    <Peak1D F1="77.353455" intensity="4.920438e+001" type="0"/>
    <Peak1D F1="77.240471" intensity="2.208873e+000" type="0"/>
    <Peak1D F1="77.036095" intensity="4.934942e+001" type="0"/>
    <Peak1D F1="76.718330" intensity="4.953588e+001" type="0"/>
    <Peak1D F1="55.511414" intensity="6.157102e+000" type="0"/>
    <Peak1D F1="29.230219" intensity="1.455059e+001" type="0"/>
    <Peak1D F1="25.464327" intensity="1.372337e+001" type="0"/>
    <Peak1D F1="23.753298" intensity="1.500000e+001" type="0"/>
  </PeakList1D>
</PeakList>
