<?xml version="1.0" encoding="UTF-8"?>
<PeakList>
  <PeakList1D>
    <PeakList1DHeader creator="nmr" date="2020-01-01T01:02:06.196+02:00" expNo="2" name="SCG-SIMes-13C" owner="" procNo="1" source="//132.72.8.180/400b/Milo/Milo">
      <PeakPickDetails>F1=219.481201ppm, F2=-19.481190ppm, MI=0.00cm, MAXI=10000.00cm, PC=1.400
      </PeakPickDetails>
    </PeakList1DHeader>
    <Peak1D F1="159.936661" intensity="2.392721e+000" type="0"/>
    <Peak1D F1="140.519333" intensity="4.048777e+000" type="0"/>
    <Peak1D F1="134.978256" intensity="9.121871e+000" type="0"/>
    <Peak1D F1="130.232071" intensity="3.569013e+000" type="0"/>
    <Peak1D F1="130.039841" intensity="1.365094e+001" type="0"/>
    <Peak1D F1="129.757217" intensity="2.741841e-001" type="0"/>
    <Peak1D F1="77.381287" intensity="2.459035e+001" type="0"/>
    <Peak1D F1="77.268761" intensity="1.172997e+000" type="0"/>
    <Peak1D F1="77.063057" intensity="2.487502e+001" type="0"/>
    <Peak1D F1="76.745880" intensity="2.445806e+001" type="0"/>
    <Peak1D F1="51.973186" intensity="6.292082e+000" type="0"/>
    <Peak1D F1="21.063400" intensity="6.536932e+000" type="0"/>
    <Peak1D F1="18.389610" intensity="2.179507e-001" type="0"/>
    <Peak1D F1="18.026806" intensity="1.500000e+001" type="0"/>
  </PeakList1D>
</PeakList>
